{
  "precision": 0.0,
  "recall": 0.0,
  "f1": 0.0,
  "f1_best": 0.007200719632089249,
  "auc_pr": 0.004959909115894813,
  "best_threshold": 1.516952760169514,
  "csv_path": "data/datasets/dostavka/data/\u042f\u043d\u0434\u0435\u043a\u0441 \u041b\u0430\u0432\u043a\u0430 | lavka.csv",
  "processing_time": 0.364319,
  "time_length": 21139200.0,
  "n_observations": 11674
}