{
  "precision": 0.037037037037037035,
  "recall": 0.07692307692307693,
  "f1": 0.05,
  "f1_best": 0.11999999615200012,
  "auc_pr": 0.015137593557038816,
  "best_threshold": 3.842490278432713,
  "csv_path": "data/datasets/dostavka/data/\u042f\u043d\u0434\u0435\u043a\u0441 \u0415\u0434\u0430 \u0420\u0438\u0442\u0435\u0439\u043b RU | eda retail.csv",
  "processing_time": 0.352593,
  "time_length": 21049200.0,
  "n_observations": 11677
}