{
  "precision": 0.25,
  "recall": 0.1875,
  "f1": 0.21428571428571427,
  "f1_best": 0.2264150895550019,
  "auc_pr": 0.059096196535873224,
  "best_threshold": 5.061304222677713,
  "csv_path": "data/datasets/dostavka/data/\u042f\u043d\u0434\u0435\u043a\u0441 \u0415\u0434\u0430 \u0420\u0435\u0441\u0442\u043e\u0440\u0430\u043d\u044b RU | eda.csv",
  "processing_time": 0.379609,
  "time_length": 21072600.0,
  "n_observations": 11676
}