{
  "precision": 0.0,
  "recall": 0.0,
  "f1": 0.0,
  "f1_best": 0.07751937484526203,
  "auc_pr": 0.02740012021407501,
  "best_threshold": 3.9457711153282506,
  "csv_path": "data/datasets/dostavka/data/\u041a\u0443\u0443\u043b\u043a\u043b\u0435\u0432\u0435\u0440.csv",
  "processing_time": 0.350009,
  "time_length": 21105000.0,
  "n_observations": 10650
}