{
  "precision": 0.16666666666666666,
  "recall": 0.05102040816326531,
  "f1": 0.078125,
  "f1_best": 0.12982455855610964,
  "auc_pr": 0.11311062891872208,
  "best_threshold": 1.918501469793442,
  "csv_path": "data/datasets/dostavka/data/\u0414\u0438\u043a\u0441\u0438.csv",
  "processing_time": 0.370754,
  "time_length": 21018600.0,
  "n_observations": 7966
}