{
  "precision": 0.4,
  "recall": 0.07142857142857142,
  "f1": 0.12121212121212122,
  "f1_best": 0.272727267842057,
  "auc_pr": 0.13370705217239798,
  "best_threshold": 3.739789605620182,
  "csv_path": "data/datasets/dostavka/data/X5 Retail group.csv",
  "processing_time": 0.364878,
  "time_length": 21150000.0,
  "n_observations": 11676
}